<?xml version="1.0" encoding="UTF-8"?>
<server description="${project.name}">

    <featureManager>
        <feature>microProfile-4.0</feature>
    </featureManager>
    
    <logging traceSpecification="*=info:com.ibm.ws.class.load.javax.naming=debug" />


    <httpEndpoint id="defaultHttpEndpoint"
                  httpPort="9080"
                  httpsPort="9443"/>

    <webApplication id="mockapi" contextRoot="/"
        location="${server.config.dir}dropins/mockapi.war">
    </webApplication>
    <mpMetrics authentication="false"/>

    <!-- This is the keystore that will be used by SSL and by JWT. -->
    <keyStore id="defaultKeyStore" location="public.jks" type="JKS" password="atbash" />


    <!-- The MP JWT configuration that injects the caller's JWT into a ResourceScoped bean for inspection. -->
    <mpJwt id="jwtUserConsumer" keyName="theKeyId" audiences="targetService" issuer="${jwt.issuer}"/>

</server>
